"Data Source","World Development Indicators",

"Country Name","Country Code","Indicator Name","Indicator Code","1960","1961","1962","1963","1964","1965","1966","1967","1968","1969","1970","1971","1972","1973","1974","1975","1976","1977","1978","1979","1980","1981","1982","1983","1984","1985","1986","1987","1988","1989","1990","1991","1992","1993","1994","1995","1996","1997","1998","1999","2000","2001","2002","2003","2004","2005","2006","2007","2008","2009","2010","2011","2012","2013","2014",
"Aruba","ABW","Poverty headcount ratio at $2 a day (PPP) (% of population)","SI.POV.2DAY","","","","","","","","","","","","","","","","","","","","","","","","","","","","","","","","","","","","","","","","","","","","","","","","","","","","","","","",
"Andorra","AND","Poverty headcount ratio at $2 a day (PPP) (% of population)","SI.POV.2DAY","","","","","","","","","","","","","","","","","","","","","","","","","","","","","","","","","","","","","","","","","","","","","","","","","","","","","","","",
"Afghanistan","AFG","Poverty headcount ratio at $2 a day (PPP) (% of population)","SI.POV.2DAY","","","","","","","","","","","","","","","","","","","","","","","","","","","","","","","","","","","","","","","","","","","","","","","","","","","","","","","",
"Angola","AGO","Poverty headcount ratio at $2 a day (PPP) (% of population)","SI.POV.2DAY","","","","","","","","","","","","","","","","","","","","","","","","","","","","","","","","","","","","","","","","","70.21","","","","","","","","","67.42","","","","","",
"Albania","ALB","Poverty headcount ratio at $2 a day (PPP) (% of population)","SI.POV.2DAY","","","","","","","","","","","","","","","","","","","","","","","","","","","","","","","","","","","","","6.5","","","","","","6.63","","5.57","5","","","1.5","","","","3.03","","",
"Arab World","ARB","Poverty headcount ratio at $2 a day (PPP) (% of population)","SI.POV.2DAY","","","","","","","","","","","","","","","","","","","","","","","","","","","","","","","","","","","","","","","","","","","","","","","","","","","","","","","",
"United Arab Emirates","ARE","Poverty headcount ratio at $2 a day (PPP) (% of population)","SI.POV.2DAY","","","","","","","","","","","","","","","","","","","","","","","","","","","","","","","","","","","","","","","","","","","","","","","","","","","","","","","",
"Argentina","ARG","Poverty headcount ratio at $2 a day (PPP) (% of population)","SI.POV.2DAY","","","","","","","","","","","","","","","","","","","","","","","","","","","0","0.16","","","","2.78","4","4.39","4.27","7.04","7.9","7.49","7.97","8.49","10.44","14.88","23.05","16.35","12.35","9.82","7.35","6.36","5.74","5.44","3.95","2.9","","","",
"Armenia","ARM","Poverty headcount ratio at $2 a day (PPP) (% of population)","SI.POV.2DAY","","","","","","","","","","","","","","","","","","","","","","","","","","","","","","","","","","","","","38.87","","","47","","50.84","47.05","43.3","32.02","22.46","18.55","20.15","11.24","14.66","19.61","17.58","15.5","","",
"American Samoa","ASM","Poverty headcount ratio at $2 a day (PPP) (% of population)","SI.POV.2DAY","","","","","","","","","","","","","","","","","","","","","","","","","","","","","","","","","","","","","","","","","","","","","","","","","","","","","","","",
"Antigua and Barbuda","ATG","Poverty headcount ratio at $2 a day (PPP) (% of population)","SI.POV.2DAY","","","","","","","","","","","","","","","","","","","","","","","","","","","","","","","","","","","","","","","","","","","","","","","","","","","","","","","",
"Australia","AUS","Poverty headcount ratio at $2 a day (PPP) (% of population)","SI.POV.2DAY","","","","","","","","","","","","","","","","","","","","","","1","","","","1","","","","0.68","","","","","","1.34","","","","","","1.35","","1.36","","","","","","","","","","","",
"Austria","AUT","Poverty headcount ratio at $2 a day (PPP) (% of population)","SI.POV.2DAY","","","","","","","","","","","","","","","","","","","","","","","","","","","","0","","","","","","","0.67","1","","0.34","","","0.4","","","","0.34","","","","","","","","","","",
"Azerbaijan","AZE","Poverty headcount ratio at $2 a day (PPP) (% of population)","SI.POV.2DAY","","","","","","","","","","","","","","","","","","","","","","","","","","","","","","","","","","","","53.85","","","","","","27","0.82","1.27","0.18","0.11","","","2.38","","","","","","",
"Burundi","BDI","Poverty headcount ratio at $2 a day (PPP) (% of population)","SI.POV.2DAY","","","","","","","","","","","","","","","","","","","","","","","","","","","","","","","","","95.18","","","","","","95.41","","","","","","","","93.45","","","","","","","","",
"Belgium","BEL","Poverty headcount ratio at $2 a day (PPP) (% of population)","SI.POV.2DAY","","","","","","","","","","","","","","","","","","","","","","","","","","0.36","","","0.67","","","","0.83","","","0.67","","0.67","","","0.5","","","","","","","","","","","","","","",
"Benin","BEN","Poverty headcount ratio at $2 a day (PPP) (% of population)","SI.POV.2DAY","","","","","","","","","","","","","","","","","","","","","","","","","","","","","","","","","","","","","","","","","","","","75.32","","","","","","","","","74.27","","",
"Burkina Faso","BFA","Poverty headcount ratio at $2 a day (PPP) (% of population)","SI.POV.2DAY","","","","","","","","","","","","","","","","","","","","","","","","","","","","","","","","","","","85.83","","","","87.6","","","","","72.53","","","","","","72.44","","","","","",
"Bangladesh","BGD","Poverty headcount ratio at $2 a day (PPP) (% of population)","SI.POV.2DAY","","","","","","","","","","","","","","","","","","","","","","","","","93.09","","90.64","","","92.26","","","92.99","","","","85.54","","","","84.4","","","","","80.32","","","","","76.54","","","","",
"Bulgaria","BGR","Poverty headcount ratio at $2 a day (PPP) (% of population)","SI.POV.2DAY","","","","","","","","","","","","","","","","","","","","","","","","","","","","","","0.07","","","0","","0.43","2.72","","2.35","","","","6.8","","2.94","","","","1.31","2.16","","3.31","3.92","","","",
"Bahrain","BHR","Poverty headcount ratio at $2 a day (PPP) (% of population)","SI.POV.2DAY","","","","","","","","","","","","","","","","","","","","","","","","","","","","","","","","","","","","","","","","","","","","","","","","","","","","","","","",
"Bahamas, The","BHS","Poverty headcount ratio at $2 a day (PPP) (% of population)","SI.POV.2DAY","","","","","","","","","","","","","","","","","","","","","","","","","","","","","","","","","","","","","","","","","","","","","","","","","","","","","","","",
"Bosnia and Herzegovina","BIH","Poverty headcount ratio at $2 a day (PPP) (% of population)","SI.POV.2DAY","","","","","","","","","","","","","","","","","","","","","","","","","","","","","","","","","","","","","","","","","","0.63","","","0.34","","","0.13","","","","","","","",
"Belarus","BLR","Poverty headcount ratio at $2 a day (PPP) (% of population)","SI.POV.2DAY","","","","","","","","","","","","","","","","","","","","","","","","","","","","","0.19","","","","","0.14","","0.84","","","2.65","2.2","1.69","0.67","2.53","1.95","0.58","0.42","0.13","0.02","0","0.03","0","0","","","",
"Belize","BLZ","Poverty headcount ratio at $2 a day (PPP) (% of population)","SI.POV.2DAY","","","","","","","","","","","","","","","","","","","","","","","","","","","","","","","","","","19.87","20.52","23.64","23.84","27.95","26.42","22","","","","","","","","","","","","","","","",
"Bermuda","BMU","Poverty headcount ratio at $2 a day (PPP) (% of population)","SI.POV.2DAY","","","","","","","","","","","","","","","","","","","","","","","","","","","","","","","","","","","","","","","","","","","","","","","","","","","","","","","",
"Bolivia","BOL","Poverty headcount ratio at $2 a day (PPP) (% of population)","SI.POV.2DAY","","","","","","","","","","","","","","","","","","","","","","","","","","","","","","","","19.21","","21.27","","","","26.94","","33.42","37.63","31.42","32.77","","22.96","28.19","24.47","23.24","18.18","16.3","","11.95","12.72","","",
"Brazil","BRA","Poverty headcount ratio at $2 a day (PPP) (% of population)","SI.POV.2DAY","","","","","","","","","","","","","","","","","","","","","","26.76","26.78","31.64","30.64","27.27","20.77","25.5","26.63","25.04","29.24","","29.43","28.4","","19.68","20.81","20.47","19.27","20.15","","20.31","18.95","19.4","17.46","15.48","12.9","12.05","10.24","9.53","","8.15","6.79","","",
"Barbados","BRB","Poverty headcount ratio at $2 a day (PPP) (% of population)","SI.POV.2DAY","","","","","","","","","","","","","","","","","","","","","","","","","","","","","","","","","","","","","","","","","","","","","","","","","","","","","","","",
"Brunei Darussalam","BRN","Poverty headcount ratio at $2 a day (PPP) (% of population)","SI.POV.2DAY","","","","","","","","","","","","","","","","","","","","","","","","","","","","","","","","","","","","","","","","","","","","","","","","","","","","","","","",
"Bhutan","BTN","Poverty headcount ratio at $2 a day (PPP) (% of population)","SI.POV.2DAY","","","","","","","","","","","","","","","","","","","","","","","","","","","","","","","","","","","","","","","","","","","","46.94","","","","29.76","","","","","15.15","","",
"Botswana","BWA","Poverty headcount ratio at $2 a day (PPP) (% of population)","SI.POV.2DAY","","","","","","","","","","","","","","","","","","","","","","","","","","","54.74","","","","","","","","49.4","","","","","","","","","41.55","","","","","","27.83","","","","","",
"Central African Republic","CAF","Poverty headcount ratio at $2 a day (PPP) (% of population)","SI.POV.2DAY","","","","","","","","","","","","","","","","","","","","","","","","","","","","","","","","","90.97","","","","","","","","","","","81.9","","","","","80.09","","","","","","",
"Canada","CAN","Poverty headcount ratio at $2 a day (PPP) (% of population)","SI.POV.2DAY","","","","","","","","","","","","","","","","","","","","","","0.68","","","","","","0.37","","","","0.33","","","0.33","","","0.67","0.68","","0.67","","","","0.34","","","0.34","","","0.34","","","","",
"Central Europe and the Baltics","CEB","Poverty headcount ratio at $2 a day (PPP) (% of population)","SI.POV.2DAY","","","","","","","","","","","","","","","","","","","","","","","","","","","","","","","","","","","","","","","","","","","","","","","","","","","","","","","",
"Switzerland","CHE","Poverty headcount ratio at $2 a day (PPP) (% of population)","SI.POV.2DAY","","","","","","","","","","","","","","","","","","","","","","","0.69","","","","","","","","","","3.69","","","","","","","","0.34","","0.34","","0.67","","","","","","","","","","",
"Channel Islands","CHI","Poverty headcount ratio at $2 a day (PPP) (% of population)","SI.POV.2DAY","","","","","","","","","","","","","","","","","","","","","","","","","","","","","","","","","","","","","","","","","","","","","","","","","","","","","","","",
"Chile","CHL","Poverty headcount ratio at $2 a day (PPP) (% of population)","SI.POV.2DAY","","","","","","","","","","","","","","","","","","","","","","","","","","","","15.13","","","13.73","","9.24","","8.71","","6.48","","6.11","","5.46","","","4.55","","","3.12","","","2.6","","1.86","","","",
"China","CHN","Poverty headcount ratio at $2 a day (PPP) (% of population)","SI.POV.2DAY","","","","","","","","","","","","","","","","","","","","","","97.85","","","92.91","","","83.63","","","84.97","","","79.56","","","66.2","","","61.88","","","50.73","","","36.03","","","28.33","","23.19","18.61","","","",
"Cote d'Ivoire","CIV","Poverty headcount ratio at $2 a day (PPP) (% of population)","SI.POV.2DAY","","","","","","","","","","","","","","","","","","","","","","","","","","21.42","24.62","27.38","35.11","","","","","50.75","","47.95","","","57.08","","","","56.88","","","","","","59.07","","","","","","",
"Cameroon","CMR","Poverty headcount ratio at $2 a day (PPP) (% of population)","SI.POV.2DAY","","","","","","","","","","","","","","","","","","","","","","","","","","","","","","","","","","","","","71.5","","","","","50.69","","","","","","53.15","","","","","","","",
"Congo, Rep.","COG","Poverty headcount ratio at $2 a day (PPP) (% of population)","SI.POV.2DAY","","","","","","","","","","","","","","","","","","","","","","","","","","","","","","","","","","","","","","","","","","","","","","74.4","","","","","","57.25","","","",
"Colombia","COL","Poverty headcount ratio at $2 a day (PPP) (% of population)","SI.POV.2DAY","","","","","","","","","","","","","","","","","","","","","26.92","","","","","","","","20.69","18.19","","17.29","14.02","","","","22.15","","","27.19","31.68","30.21","22.24","20.39","20.37","17.72","20.91","17.66","18.04","15.73","13.68","11.33","12","","",
"Comoros","COM","Poverty headcount ratio at $2 a day (PPP) (% of population)","SI.POV.2DAY","","","","","","","","","","","","","","","","","","","","","","","","","","","","","","","","","","","","","","","","","","","","","64.98","","","","","","","","","","",
"Cabo Verde","CPV","Poverty headcount ratio at $2 a day (PPP) (% of population)","SI.POV.2DAY","","","","","","","","","","","","","","","","","","","","","","","","","","","","","","","","","","","","","","","","","","","40.85","","","","","","34.7","","","","","","",
"Costa Rica","CRI","Poverty headcount ratio at $2 a day (PPP) (% of population)","SI.POV.2DAY","","","","","","","","","","","","","","","","","","","","","","19.95","","","","","10.35","","","17.06","15.27","18.96","15.15","12.39","10.54","11.24","12.89","10.04","8.13","10.25","10.92","10.08","9.58","9.22","8.74","7.32","7.27","4.32","4.51","5.17","2.9","3.2","3.11","","",
"Caribbean small states","CSS","Poverty headcount ratio at $2 a day (PPP) (% of population)","SI.POV.2DAY","","","","","","","","","","","","","","","","","","","","","","","","","","","","","","","","","","","","","","","","","","","","","","","","","","","","","","","",
"Cuba","CUB","Poverty headcount ratio at $2 a day (PPP) (% of population)","SI.POV.2DAY","","","","","","","","","","","","","","","","","","","","","","","","","","","","","","","","","","","","","","","","","","","","","","","","","","","","","","","",
"Curacao","CUW","Poverty headcount ratio at $2 a day (PPP) (% of population)","SI.POV.2DAY","","","","","","","","","","","","","","","","","","","","","","","","","","","","","","","","","","","","","","","","","","","","","","","","","","","","","","","",
"Cayman Islands","CYM","Poverty headcount ratio at $2 a day (PPP) (% of population)","SI.POV.2DAY","","","","","","","","","","","","","","","","","","","","","","","","","","","","","","","","","","","","","","","","","","","","","","","","","","","","","","","",
"Cyprus","CYP","Poverty headcount ratio at $2 a day (PPP) (% of population)","SI.POV.2DAY","","","","","","","","","","","","","","","","","","","","","","","","","","","","","","","","","","","","","","","","","","","","","","","","","","","","","","","",
"Czech Republic","CZE","Poverty headcount ratio at $2 a day (PPP) (% of population)","SI.POV.2DAY","","","","","","","","","","","","","","","","","","","","","","","","","","","","","0","","","","","0.02","","","0.19","","","","","","","","","0.03","0.08","","0.09","0.08","0.1","0.09","","","",
"Germany","DEU","Poverty headcount ratio at $2 a day (PPP) (% of population)","SI.POV.2DAY","","","","","","","","","","","","","","","","","","","","","","0","","0","0.34","","","","","0","","","","","0.34","","","","","","0","","","","0","","","0","","","0.34","","","","",
"Djibouti","DJI","Poverty headcount ratio at $2 a day (PPP) (% of population)","SI.POV.2DAY","","","","","","","","","","","","","","","","","","","","","","","","","","","","","","","","","","","","","","","","","","","41.19","","","","","","","","","","","","",
"Dominica","DMA","Poverty headcount ratio at $2 a day (PPP) (% of population)","SI.POV.2DAY","","","","","","","","","","","","","","","","","","","","","","","","","","","","","","","","","","","","","","","","","","","","","","","","","","","","","","","",
"Denmark","DNK","Poverty headcount ratio at $2 a day (PPP) (% of population)","SI.POV.2DAY","","","","","","","","","","","","","","","","","","","","","","","","","","","","1.02","","","","","1","","","0.33","","","","","0.34","","","","0.33","","","0.39","","","0.67","","","","",
"Dominican Republic","DOM","Poverty headcount ratio at $2 a day (PPP) (% of population)","SI.POV.2DAY","","","","","","","","","","","","","","","","","","","","","","","","","","","30.43","","","27.22","","","14.62","","","","11.15","10.92","","","10.96","10.35","12.45","14.82","19.77","14.59","11.94","11.37","11.36","9.97","9.88","8.52","8.76","","",
"Algeria","DZA","Poverty headcount ratio at $2 a day (PPP) (% of population)","SI.POV.2DAY","","","","","","","","","","","","","","","","","","","","","","","","","","","","","23.7","","","","","","","22.78","","","","","","","","","","","","","","","","","","","",
"East Asia & Pacific (developing only)","EAP","Poverty headcount ratio at $2 a day (PPP) (% of population)","SI.POV.2DAY","","","","","","","","","","","","","","","","","","","","","","92.81","","","88.65","","","81.76","","","81.48","","","76.52","","","65.75","","","62.16","","","51.61","","","38.37","","","32.1","","26.4","22.67","","","",
"East Asia & Pacific (all income levels)","EAS","Poverty headcount ratio at $2 a day (PPP) (% of population)","SI.POV.2DAY","","","","","","","","","","","","","","","","","","","","","","","","","","","","","","","","","","","","","","","","","","","","","","","","","","","","","","","",
"Europe & Central Asia (developing only)","ECA","Poverty headcount ratio at $2 a day (PPP) (% of population)","SI.POV.2DAY","","","","","","","","","","","","","","","","","","","","","","11.25","","","8.85","","","7.04","","","6.29","","","9.11","","","11.89","","","11.86","","","7.11","","","4.58","","","2.29","","2.42","2.16","","","",
"Europe & Central Asia (all income levels)","ECS","Poverty headcount ratio at $2 a day (PPP) (% of population)","SI.POV.2DAY","","","","","","","","","","","","","","","","","","","","","","","","","","","","","","","","","","","","","","","","","","","","","","","","","","","","","","","",
"Ecuador","ECU","Poverty headcount ratio at $2 a day (PPP) (% of population)","SI.POV.2DAY","","","","","","","","","","","","","","","","","","","","","","","","","","","","23.03","","","","","","","26.96","19.76","","","23.18","29.01","37.33","","","23.44","21.08","18.7","13.72","14","12.71","13.07","10.57","9.03","8.44","","",
"Egypt, Arab Rep.","EGY","Poverty headcount ratio at $2 a day (PPP) (% of population)","SI.POV.2DAY","","","","","","","","","","","","","","","","","","","","","","","","","","","","","","","","27.64","","","","","26.31","","","","19.37","","","","","20.08","","","15.43","","","","","","",
"Euro area","EMU","Poverty headcount ratio at $2 a day (PPP) (% of population)","SI.POV.2DAY","","","","","","","","","","","","","","","","","","","","","","","","","","","","","","","","","","","","","","","","","","","","","","","","","","","","","","","",
"Eritrea","ERI","Poverty headcount ratio at $2 a day (PPP) (% of population)","SI.POV.2DAY","","","","","","","","","","","","","","","","","","","","","","","","","","","","","","","","","","","","","","","","","","","","","","","","","","","","","","","",
"Spain","ESP","Poverty headcount ratio at $2 a day (PPP) (% of population)","SI.POV.2DAY","","","","","","","","","","","","","","","","","","","","","1.34","","","","","","","","","","0.67","","","","","2.05","","","","","0.76","","","","1.34","","","1","","","2.67","","","","",
"Estonia","EST","Poverty headcount ratio at $2 a day (PPP) (% of population)","SI.POV.2DAY","","","","","","","","","","","","","","","","","","","","","","","","","","","","","0.09","","","","","2.81","","1.82","","","0.75","","2.82","2.89","2.77","2.88","","1.23","1.2","0.63","0.62","0.91","1.21","1.39","","","",
"Ethiopia","ETH","Poverty headcount ratio at $2 a day (PPP) (% of population)","SI.POV.2DAY","","","","","","","","","","","","","","","","","","","","","","","91.03","","","","","","","","","","","","","86","","","","","85.95","","","","","77.63","","","","","","72.2","","","",
"European Union","EUU","Poverty headcount ratio at $2 a day (PPP) (% of population)","SI.POV.2DAY","","","","","","","","","","","","","","","","","","","","","","","","","","","","","","","","","","","","","","","","","","","","","","","","","","","","","","","",
"Fragile and conflict affected situations","FCS","Poverty headcount ratio at $2 a day (PPP) (% of population)","SI.POV.2DAY","","","","","","","","","","","","","","","","","","","","","","61.5","","","60.85","","","62.23","","","65.17","","","68.46","","","68.32","","","67.98","","","65.98","","","63.39","","","60.35","","59.39","59.02","","","",
"Finland","FIN","Poverty headcount ratio at $2 a day (PPP) (% of population)","SI.POV.2DAY","","","","","","","","","","","","","","","","","","","","","","","","","","","","0","","","","0.34","","","","0","","","","","0","","","","0","","","0","","","0","","","","",
"Fiji","FJI","Poverty headcount ratio at $2 a day (PPP) (% of population)","SI.POV.2DAY","","","","","","","","","","","","","","","","","","","","","","","","","","","","","","","","","","","","","","","","","","","","48.66","","","","","","22.9","","","","","",
"France","FRA","Poverty headcount ratio at $2 a day (PPP) (% of population)","SI.POV.2DAY","","","","","","","","","","","","","","","","","","","","","","","","","3.34","","","","","2.01","","","","","0.35","","","","","","0.35","","","","","0.33","","","","","","","","","",
"Faeroe Islands","FRO","Poverty headcount ratio at $2 a day (PPP) (% of population)","SI.POV.2DAY","","","","","","","","","","","","","","","","","","","","","","","","","","","","","","","","","","","","","","","","","","","","","","","","","","","","","","","",
"Micronesia, Fed. Sts.","FSM","Poverty headcount ratio at $2 a day (PPP) (% of population)","SI.POV.2DAY","","","","","","","","","","","","","","","","","","","","","","","","","","","","","","","","","","","","","","","","","44.69","","","","","","","","","","","","","","",
"Gabon","GAB","Poverty headcount ratio at $2 a day (PPP) (% of population)","SI.POV.2DAY","","","","","","","","","","","","","","","","","","","","","","","","","","","","","","","","","","","","","","","","","","","","","","20.88","","","","","","","","","",
"United Kingdom","GBR","Poverty headcount ratio at $2 a day (PPP) (% of population)","SI.POV.2DAY","","","","","","","","","","","","","","","","","","","","","","","","","","","","","","","","0.68","","","0.67","1.35","","","","0.67","","","","","0.67","","","1.33","","","1.35","","","","",
"Georgia","GEO","Poverty headcount ratio at $2 a day (PPP) (% of population)","SI.POV.2DAY","","","","","","","","","","","","","","","","","","","","","","","","","","","","","","","","","","","","","14.01","34.6","29.97","36.21","38.92","40.82","33.47","36.46","33.52","32.88","32.92","33.41","31.78","31.76","35.76","33.51","31.28","","",
"Ghana","GHA","Poverty headcount ratio at $2 a day (PPP) (% of population)","SI.POV.2DAY","","","","","","","","","","","","","","","","","","","","","","","","","","","","","79.03","77.73","","","77.65","","","","","","63.34","","","","","","","","51.84","","","","","","","","",
"Guinea","GIN","Poverty headcount ratio at $2 a day (PPP) (% of population)","SI.POV.2DAY","","","","","","","","","","","","","","","","","","","","","","","","","","","","","","","","98.98","","","81.65","","","","","","","","","80.79","","","","65.92","","","","","72.65","","",
"Gambia, The","GMB","Poverty headcount ratio at $2 a day (PPP) (% of population)","SI.POV.2DAY","","","","","","","","","","","","","","","","","","","","","","","","","","","","","","","","","","","","","","","81.23","","","","","55.93","","","","","","","","","","","",
"Guinea-Bissau","GNB","Poverty headcount ratio at $2 a day (PPP) (% of population)","SI.POV.2DAY","","","","","","","","","","","","","","","","","","","","","","","","","","","","","","","","58.49","","84.61","","","","","","","","","77.96","","","","","","","","","","","","",
"Equatorial Guinea","GNQ","Poverty headcount ratio at $2 a day (PPP) (% of population)","SI.POV.2DAY","","","","","","","","","","","","","","","","","","","","","","","","","","","","","","","","","","","","","","","","","","","","","","","","","","","","","","","",
"Greece","GRC","Poverty headcount ratio at $2 a day (PPP) (% of population)","SI.POV.2DAY","","","","","","","","","","","","","","","","","","","","","","","","","","","","","","","","","","","","2.34","","","","","0.68","","","","1.01","","","1.03","","","1.67","","","","",
"Grenada","GRD","Poverty headcount ratio at $2 a day (PPP) (% of population)","SI.POV.2DAY","","","","","","","","","","","","","","","","","","","","","","","","","","","","","","","","","","","","","","","","","","","","","","","","","","","","","","","",
"Greenland","GRL","Poverty headcount ratio at $2 a day (PPP) (% of population)","SI.POV.2DAY","","","","","","","","","","","","","","","","","","","","","","","","","","","","","","","","","","","","","","","","","","","","","","","","","","","","","","","",
"Guatemala","GTM","Poverty headcount ratio at $2 a day (PPP) (% of population)","SI.POV.2DAY","","","","","","","","","","","","","","","","","","","","","","","","","","","","56.75","","42.92","","","","","","","","","30.06","","25.23","","32.96","30.27","31.19","","26.01","","","","","29.79","","","",
"Guam","GUM","Poverty headcount ratio at $2 a day (PPP) (% of population)","SI.POV.2DAY","","","","","","","","","","","","","","","","","","","","","","","","","","","","","","","","","","","","","","","","","","","","","","","","","","","","","","","",
"Guyana","GUY","Poverty headcount ratio at $2 a day (PPP) (% of population)","SI.POV.2DAY","","","","","","","","","","","","","","","","","","","","","","","","","","","","","","","","","","17.08","","","","","18.02","","","","","","","","","","","","","","","","",
"High income","HIC","Poverty headcount ratio at $2 a day (PPP) (% of population)","SI.POV.2DAY","","","","","","","","","","","","","","","","","","","","","","","","","","","","","","","","","","","","","","","","","","","","","","","","","","","","","","","",
"Hong Kong SAR, China","HKG","Poverty headcount ratio at $2 a day (PPP) (% of population)","SI.POV.2DAY","","","","","","","","","","","","","","","","","","","","","","","","","","","","","","","","","","","","","","","","","","","","","","","","","","","","","","","",
"Honduras","HND","Poverty headcount ratio at $2 a day (PPP) (% of population)","SI.POV.2DAY","","","","","","","","","","","","","","","","","","","","","","","","","","","26.05","","","58.9","64.95","53.65","45.84","41.18","41.39","43.44","46.48","35.91","37.95","38.62","","29.39","40.6","39.88","38.44","39.48","34.48","28.96","26.72","24.3","26.28","29.2","","","",
"Heavily indebted poor countries (HIPC)","HPC","Poverty headcount ratio at $2 a day (PPP) (% of population)","SI.POV.2DAY","","","","","","","","","","","","","","","","","","","","","","","","","","","","","","","","","","","","","","","","","","","","","","","","","","","","","","","",
"Croatia","HRV","Poverty headcount ratio at $2 a day (PPP) (% of population)","SI.POV.2DAY","","","","","","","","","","","","","","","","","","","","","","","","","","","","","0.06","","","","","","","","","","0","0.34","0.15","0.15","","","0","","","","0.02","","","","","","",
"Haiti","HTI","Poverty headcount ratio at $2 a day (PPP) (% of population)","SI.POV.2DAY","","","","","","","","","","","","","","","","","","","","","","","","","","","","","","","","","","","","","","","","","","77.51","","","","","","","","","","","","","",
"Hungary","HUN","Poverty headcount ratio at $2 a day (PPP) (% of population)","SI.POV.2DAY","","","","","","","","","","","","","","","","","","","","","","","","","","","","0.08","","0.2","","","","0.28","","","","","0.25","0.22","0.13","0","0.03","0.12","","0","0.2","","0.07","","0.14","0.17","","","",
"Indonesia","IDN","Poverty headcount ratio at $2 a day (PPP) (% of population)","SI.POV.2DAY","","","","","","","","","","","","","","","","","","","","","","","","","88.4","","","91.1","","","84.59","","","84.58","","","77.02","","","81.55","","","67.13","","","54.13","","","54.71","","46.32","43.33","","","",
"Isle of Man","IMN","Poverty headcount ratio at $2 a day (PPP) (% of population)","SI.POV.2DAY","","","","","","","","","","","","","","","","","","","","","","","","","","","","","","","","","","","","","","","","","","","","","","","","","","","","","","","",
"India","IND","Poverty headcount ratio at $2 a day (PPP) (% of population)","SI.POV.2DAY","","","","","","","","","","","","","","","","","","","88.97","","","","","84.79","","","","","83.77","","","","","","81.73","","","","","","","","","","","75.62","","","","","68.76","","59.2391535916669","","",
"Not classified","INX","Poverty headcount ratio at $2 a day (PPP) (% of population)","SI.POV.2DAY","","","","","","","","","","","","","","","","","","","","","","","","","","","","","","","","","","","","","","","","","","","","","","","","","","","","","","","",
"Ireland","IRL","Poverty headcount ratio at $2 a day (PPP) (% of population)","SI.POV.2DAY","","","","","","","","","","","","","","","","","","","","","","","","","","","","2.35","","","","","","","0.35","0.34","0","","","","0.37","","","","0","","","0","","","0.7","","","","",
"Iran, Islamic Rep.","IRN","Poverty headcount ratio at $2 a day (PPP) (% of population)","SI.POV.2DAY","","","","","","","","","","","","","","","","","","","","","","","","","","","13.83","","","","13.12","","","","8.24","","","","8.3","","","","","","","8.03","","","","","","","","","",
"Iraq","IRQ","Poverty headcount ratio at $2 a day (PPP) (% of population)","SI.POV.2DAY","","","","","","","","","","","","","","","","","","","","","","","","","","","","","","","","","","","","","","","","","","","","","","","","22.39","","","","","21.17","","",
"Iceland","ISL","Poverty headcount ratio at $2 a day (PPP) (% of population)","SI.POV.2DAY","","","","","","","","","","","","","","","","","","","","","","","","","","","","","","","","","","","","","","","","","","","","","0.33","","","0.36","","","0","","","","",
"Israel","ISR","Poverty headcount ratio at $2 a day (PPP) (% of population)","SI.POV.2DAY","","","","","","","","","","","","","","","","","","","","0.38","","","","","","","0.34","","","","","","0","","","","","0.36","","","","0.67","","","","1.02","","0.69","","","0.67","","","","",
"Italy","ITA","Poverty headcount ratio at $2 a day (PPP) (% of population)","SI.POV.2DAY","","","","","","","","","","","","","","","","","","","","","","","","","","","0.39","1.34","","0.34","","0.37","","1.38","","1.01","","","2.08","","1.34","","","","0.67","","","","1.34","","1.7","","","","",
"Jamaica","JAM","Poverty headcount ratio at $2 a day (PPP) (% of population)","SI.POV.2DAY","","","","","","","","","","","","","","","","","","","","","","","","","","","","","13.4","","13.07","","","14.37","","","8.75","","","6.48","","43.59","8.5","","5.85","","","","","","","","","","",
"Jordan","JOR","Poverty headcount ratio at $2 a day (PPP) (% of population)","SI.POV.2DAY","","","","","","","","","","","","","","","","","","","","","","","","","","","","1.65","","","","","14.76","","","","","11.37","","","","","","11.04","","","2.88","","2.02","","1.17","","","","",
"Japan","JPN","Poverty headcount ratio at $2 a day (PPP) (% of population)","SI.POV.2DAY","","","","","","","","","","","","","","","","","","","","","","","","","","","","","","","","","","","","","","","","","","","","","","","","","0.35","","","","","","",
"Kazakhstan","KAZ","Poverty headcount ratio at $2 a day (PPP) (% of population)","SI.POV.2DAY","","","","","","","","","","","","","","","","","","","","","","","","","","","","","0.06","","","","","17.57","","","18.76","","","","","22.26","17.25","13.28","10.78","0.65","3.24","1.46","1.15","","0.8","","","","",
"Kenya","KEN","Poverty headcount ratio at $2 a day (PPP) (% of population)","SI.POV.2DAY","","","","","","","","","","","","","","","","","","","","","","","","","","","","","","","","","59.32","","53.65","","","56.21","","","","","","","","67.21","","","","","","","","","",
"Kyrgyz Republic","KGZ","Poverty headcount ratio at $2 a day (PPP) (% of population)","SI.POV.2DAY","","","","","","","","","","","","","","","","","","","","","","","","","","","","","0","","","","","30.09","","","","","60.77","","71.51","66.51","65.33","61.31","39.26","45.31","36.02","29.4","18.96","20.14","21.05","21.06","","","",
"Cambodia","KHM","Poverty headcount ratio at $2 a day (PPP) (% of population)","SI.POV.2DAY","","","","","","","","","","","","","","","","","","","","","","","","","","","","","","","","","","","75.24","","","","","","","","","","64.43","","","59.39","51.05","40.74","40.88","41.26","","","",
"Kiribati","KIR","Poverty headcount ratio at $2 a day (PPP) (% of population)","SI.POV.2DAY","","","","","","","","","","","","","","","","","","","","","","","","","","","","","","","","","","","","","","","","","","","","","","","","","","","","","","","",
"St. Kitts and Nevis","KNA","Poverty headcount ratio at $2 a day (PPP) (% of population)","SI.POV.2DAY","","","","","","","","","","","","","","","","","","","","","","","","","","","","","","","","","","","","","","","","","","","","","","","","","","","","","","","",
"Korea, Rep.","KOR","Poverty headcount ratio at $2 a day (PPP) (% of population)","SI.POV.2DAY","","","","","","","","","","","","","","","","","","","","","","","","","","","","","","","","","","","","","","","","","","","","","","","","","","","","","","","",
"Kosovo","","Poverty headcount ratio at $2 a day (PPP) (% of population)","SI.POV.2DAY","","","","","","","","","","","","","","","","","","","","","","","","","","","","","","","","","","","","","","","","","","","","","","","","","","","","","","","",
"Kuwait","KWT","Poverty headcount ratio at $2 a day (PPP) (% of population)","SI.POV.2DAY","","","","","","","","","","","","","","","","","","","","","","","","","","","","","","","","","","","","","","","","","","","","","","","","","","","","","","","",
"Latin America & Caribbean (developing only)","LAC","Poverty headcount ratio at $2 a day (PPP) (% of population)","SI.POV.2DAY","","","","","","","","","","","","","","","","","","","","","","24.03","","","25.86","","","22.76","","","22.57","","","21.18","","","20.53","","","21.02","","","20.5","","","15.24","","","11.22","","9.84","9.28","","","",
"Lao PDR","LAO","Poverty headcount ratio at $2 a day (PPP) (% of population)","SI.POV.2DAY","","","","","","","","","","","","","","","","","","","","","","","","","","","","","","","","","84.82","","","","","78.75","","","","","74.89","","","","","68.25","","","","","62.01","","",
"Lebanon","LBN","Poverty headcount ratio at $2 a day (PPP) (% of population)","SI.POV.2DAY","","","","","","","","","","","","","","","","","","","","","","","","","","","","","","","","","","","","","","","","","","","","","","","","","","","","","","","",
"Liberia","LBR","Poverty headcount ratio at $2 a day (PPP) (% of population)","SI.POV.2DAY","","","","","","","","","","","","","","","","","","","","","","","","","","","","","","","","","","","","","","","","","","","","","","","","94.88","","","","","","","",
"Libya","LBY","Poverty headcount ratio at $2 a day (PPP) (% of population)","SI.POV.2DAY","","","","","","","","","","","","","","","","","","","","","","","","","","","","","","","","","","","","","","","","","","","","","","","","","","","","","","","",
"St. Lucia","LCA","Poverty headcount ratio at $2 a day (PPP) (% of population)","SI.POV.2DAY","","","","","","","","","","","","","","","","","","","","","","","","","","","","","","","","","","","","40.63","","","","","","","","","","","","","","","","","","","",
"Latin America & Caribbean (all income levels)","LCN","Poverty headcount ratio at $2 a day (PPP) (% of population)","SI.POV.2DAY","","","","","","","","","","","","","","","","","","","","","","","","","","","","","","","","","","","","","","","","","","","","","","","","","","","","","","","",
"Least developed countries: UN classification","LDC","Poverty headcount ratio at $2 a day (PPP) (% of population)","SI.POV.2DAY","","","","","","","","","","","","","","","","","","","","","","","","","","","","","","","","","","","","","","","","","","","","","","","","","","","","","","","",
"Low income","LIC","Poverty headcount ratio at $2 a day (PPP) (% of population)","SI.POV.2DAY","","","","","","","","","","","","","","","","","","","","","","86.53","","","86.92","","","85.99","","","85.34","","","86.69","","","85.2","","","85.13","","","83.46","","","80.24","","","77.23","","74.9","73.69","","","",
"Liechtenstein","LIE","Poverty headcount ratio at $2 a day (PPP) (% of population)","SI.POV.2DAY","","","","","","","","","","","","","","","","","","","","","","","","","","","","","","","","","","","","","","","","","","","","","","","","","","","","","","","",
"Sri Lanka","LKA","Poverty headcount ratio at $2 a day (PPP) (% of population)","SI.POV.2DAY","","","","","","","","","","","","","","","","","","","","","","","","","","51.67","","","","","","49.5","","","","","46.68","","","","","","39.74","","","","","29.13","","","23.85","","","","",
"Lower middle income","LMC","Poverty headcount ratio at $2 a day (PPP) (% of population)","SI.POV.2DAY","","","","","","","","","","","","","","","","","","","","","","77.93","","","76.62","","","76.3","","","74.06","","","73.43","","","72.25","","","69.99","","","67.48","","","62.54","","","58.94","","54.51","51.09","","","",
"Low & middle income","LMY","Poverty headcount ratio at $2 a day (PPP) (% of population)","SI.POV.2DAY","","","","","","","","","","","","","","","","","","","","","","70.15","","","68.27","","","65.23","","","64.81","","","63.49","","","59.4","","","57.6","","","53.24","","","46.53","","","42.44","","39.02","36.29","","","",
"Lesotho","LSO","Poverty headcount ratio at $2 a day (PPP) (% of population)","SI.POV.2DAY","","","","","","","","","","","","","","","","","","","","","","","","","","","","74","","","","","","79.57","69","","","","","","","","","73.71","","","","","","","73.39","","","","",
"Lithuania","LTU","Poverty headcount ratio at $2 a day (PPP) (% of population)","SI.POV.2DAY","","","","","","","","","","","","","","","","","","","","","","","","","","","","","0.14","","","","","16.87","","","0.98","","1.19","","1.57","2.09","1.77","0.5","0.59","4.05","2.09","","0.44","","2.53","1.21","","","",
"Luxembourg","LUX","Poverty headcount ratio at $2 a day (PPP) (% of population)","SI.POV.2DAY","","","","","","","","","","","","","","","","","","","","","","","","","","","","","","","","","","","","","","","","","","","","","","","","","","","","","","","",
"Latvia","LVA","Poverty headcount ratio at $2 a day (PPP) (% of population)","SI.POV.2DAY","","","","","","","","","","","","","","","","","","","","","","","","","","","","","0.04","","","","","0.15","","2.32","3.85","3.81","4.5","","","","1.56","","0.79","","1.86","","0.08","","2.88","2","","","",
"Macao SAR, China","MAC","Poverty headcount ratio at $2 a day (PPP) (% of population)","SI.POV.2DAY","","","","","","","","","","","","","","","","","","","","","","","","","","","","","","","","","","","","","","","","","","","","","","","","","","","","","","","",
"St. Martin (French part)","MAF","Poverty headcount ratio at $2 a day (PPP) (% of population)","SI.POV.2DAY","","","","","","","","","","","","","","","","","","","","","","","","","","","","","","","","","","","","","","","","","","","","","","","","","","","","","","","",
"Morocco","MAR","Poverty headcount ratio at $2 a day (PPP) (% of population)","SI.POV.2DAY","","","","","","","","","","","","","","","","","","","","","","","","","","28.53","","","","","","15.9","","","","","","","","24.43","","24.36","","","","","","14.22","","","","","","","",
"Monaco","MCO","Poverty headcount ratio at $2 a day (PPP) (% of population)","SI.POV.2DAY","","","","","","","","","","","","","","","","","","","","","","","","","","","","","","","","","","","","","","","","","","","","","","","","","","","","","","","",
"Moldova","MDA","Poverty headcount ratio at $2 a day (PPP) (% of population)","SI.POV.2DAY","","","","","","","","","","","","","","","","","","","","","","","","","","","","","51.23","","","","30.69","","","","","37.67","51.92","65.1","","53.47","38.27","24.99","25.68","35.13","9.92","6.15","6.86","6.15","4.04","2.75","","","",
"Madagascar","MDG","Poverty headcount ratio at $2 a day (PPP) (% of population)","SI.POV.2DAY","","","","","","","","","","","","","","","","","","","","","97.94","","","","","","","","","","","","","85.58","","","","89.38","","93.15","","88.75","","","","93.06","","","","","95.13","","","","",
"Maldives","MDV","Poverty headcount ratio at $2 a day (PPP) (% of population)","SI.POV.2DAY","","","","","","","","","","","","","","","","","","","","","","","","","","","","","","","","","","","","","","","37.04","","","","","","12.22","","","","","","","","","","",
"Middle East & North Africa (all income levels)","MEA","Poverty headcount ratio at $2 a day (PPP) (% of population)","SI.POV.2DAY","","","","","","","","","","","","","","","","","","","","","","","","","","","","","","","","","","","","","","","","","","","","","","","","","","","","","","","",
"Mexico","MEX","Poverty headcount ratio at $2 a day (PPP) (% of population)","SI.POV.2DAY","","","","","","","","","","","","","","","","","","","","","","","","","28.46","","","","","16.13","","","15.18","","13.95","","20.14","","20.09","","15.11","","13.47","","7.6","10.62","4.94","","5.19","","4.54","","4.12","","",
"Marshall Islands","MHL","Poverty headcount ratio at $2 a day (PPP) (% of population)","SI.POV.2DAY","","","","","","","","","","","","","","","","","","","","","","","","","","","","","","","","","","","","","","","","","","","","","","","","","","","","","","","",
"Middle income","MIC","Poverty headcount ratio at $2 a day (PPP) (% of population)","SI.POV.2DAY","","","","","","","","","","","","","","","","","","","","","","72.75","","","70.53","","","66.94","","","66.31","","","64.24","","","59.29","","","57.04","","","52.28","","","44.68","","","39.97","","36.1","33.04","","","",
"Macedonia, FYR","MKD","Poverty headcount ratio at $2 a day (PPP) (% of population)","SI.POV.2DAY","","","","","","","","","","","","","","","","","","","","","","","","","","","","","","","","","","","","","","","3.7","","11.27","","2.98","3.04","3.14","3.73","4.61","","4.2","","","","","","",
"Mali","MLI","Poverty headcount ratio at $2 a day (PPP) (% of population)","SI.POV.2DAY","","","","","","","","","","","","","","","","","","","","","","","","","","","","","","","","","","","93.74","","","","","","","82.04","","","","","77.1","","","","78.78","","","","",
"Malta","MLT","Poverty headcount ratio at $2 a day (PPP) (% of population)","SI.POV.2DAY","","","","","","","","","","","","","","","","","","","","","","","","","","","","","","","","","","","","","","","","","","","","","","","","","","","","","","","",
"Myanmar","MMR","Poverty headcount ratio at $2 a day (PPP) (% of population)","SI.POV.2DAY","","","","","","","","","","","","","","","","","","","","","","","","","","","","","","","","","","","","","","","","","","","","","","","","","","","","","","","",
"Middle East & North Africa (developing only)","MNA","Poverty headcount ratio at $2 a day (PPP) (% of population)","SI.POV.2DAY","","","","","","","","","","","","","","","","","","","","","","29.31","","","25.06","","","26.54","","","23.79","","","23.52","","","22.63","","","21.87","","","19.49","","","17.22","","","13.24","","11.67","11.59","","","",
"Montenegro","MNE","Poverty headcount ratio at $2 a day (PPP) (% of population)","SI.POV.2DAY","","","","","","","","","","","","","","","","","","","","","","","","","","","","","","","","","","","","","","","","","","","","","","0.55","0.85","0.47","0.46","0.33","0.23","0.65","","","",
"Mongolia","MNG","Poverty headcount ratio at $2 a day (PPP) (% of population)","SI.POV.2DAY","","","","","","","","","","","","","","","","","","","","","","","","","","","","","","","","","","","","","","","","","","","","","","","","","","","","","","","",
"Northern Mariana Islands","MNP","Poverty headcount ratio at $2 a day (PPP) (% of population)","SI.POV.2DAY","","","","","","","","","","","","","","","","","","","","","","","","","","","","","","","","","","","","","","","","","","","","","","","","","","","","","","","",
"Mozambique","MOZ","Poverty headcount ratio at $2 a day (PPP) (% of population)","SI.POV.2DAY","","","","","","","","","","","","","","","","","","","","","","","","","","","","","","","","","","","","","92.57","","","","","","","90.03","","","","","","82.49","","","","","",
"Mauritania","MRT","Poverty headcount ratio at $2 a day (PPP) (% of population)","SI.POV.2DAY","","","","","","","","","","","","","","","","","","","","","","","","","","","","64.62","","","","","","68.59","","","48.3","","","","44.13","","","","52.59","","","","47.69","","","","","","",
"Mauritius","MUS","Poverty headcount ratio at $2 a day (PPP) (% of population)","SI.POV.2DAY","","","","","","","","","","","","","","","","","","","","","","","","","","","","","","","","","","","","","","","","","","","","","","","1.37","","","","","","1.85","","",
"Malawi","MWI","Poverty headcount ratio at $2 a day (PPP) (% of population)","SI.POV.2DAY","","","","","","","","","","","","","","","","","","","","","","","","","","","","","","","","","","","","","","","93.57","","","","","","90.83","","","","","","88.14","","","","",
"Malaysia","MYS","Poverty headcount ratio at $2 a day (PPP) (% of population)","SI.POV.2DAY","","","","","","","","","","","","","","","","","","","","","","","","","12.33","","","11.94","","11.12","","","11.24","","","11","","6.86","","","","","","","7.81","","","2.93","","2.27","","","","","",
"North America","NAC","Poverty headcount ratio at $2 a day (PPP) (% of population)","SI.POV.2DAY","","","","","","","","","","","","","","","","","","","","","","","","","","","","","","","","","","","","","","","","","","","","","","","","","","","","","","","",
"Namibia","NAM","Poverty headcount ratio at $2 a day (PPP) (% of population)","SI.POV.2DAY","","","","","","","","","","","","","","","","","","","","","","","","","","","","","","","","","","62.23","","","","","","","","","","","51.1","","","","","","43.15","","","","",
"New Caledonia","NCL","Poverty headcount ratio at $2 a day (PPP) (% of population)","SI.POV.2DAY","","","","","","","","","","","","","","","","","","","","","","","","","","","","","","","","","","","","","","","","","","","","","","","","","","","","","","","",
"Niger","NER","Poverty headcount ratio at $2 a day (PPP) (% of population)","SI.POV.2DAY","","","","","","","","","","","","","","","","","","","","","","","","","","","","","","","","","91.09","","91.55","","","","","","","","","","","75.2","","","74.06","","","76.14","","","",
"Nigeria","NGA","Poverty headcount ratio at $2 a day (PPP) (% of population)","SI.POV.2DAY","","","","","","","","","","","","","","","","","","","","","","","","","","","77.05","","","","","","80.41","","","","86.53","","","","","","","","83.33","","","","","","82.2","","","","",
"Nicaragua","NIC","Poverty headcount ratio at $2 a day (PPP) (% of population)","SI.POV.2DAY","","","","","","","","","","","","","","","","","","","","","","","","","","","","","","","","","","50.47","","","","","31.4","","","34.38","","","","16.26","","","","20.77","","","","","",
"Netherlands","NLD","Poverty headcount ratio at $2 a day (PPP) (% of population)","SI.POV.2DAY","","","","","","","","","","","","","","","","","","","","","","","","0.72","","","","1.34","","","1.69","","","1.71","","","","","","0.34","","","","","0.68","","","0.37","","","0.35","","","","",
"High income: nonOECD","NOC","Poverty headcount ratio at $2 a day (PPP) (% of population)","SI.POV.2DAY","","","","","","","","","","","","","","","","","","","","","","","","","","","","","","","","","","","","","","","","","","","","","","","","","","","","","","","",
"Norway","NOR","Poverty headcount ratio at $2 a day (PPP) (% of population)","SI.POV.2DAY","","","","","","","","","","","","","","","","","","","","","","","","","","","0.34","","","","","0.36","","","","0.36","","","","","0.34","","","","0.34","","","0.67","","","0.67","","","","",
"Nepal","NPL","Poverty headcount ratio at $2 a day (PPP) (% of population)","SI.POV.2DAY","","","","","","","","","","","","","","","","","","","","","","","","","","93.63","","","","","","","","","","","88.97","","","","","","","77.3","","","","","","","55.95","","","","",
"New Zealand","NZL","Poverty headcount ratio at $2 a day (PPP) (% of population)","SI.POV.2DAY","","","","","","","","","","","","","","","","","","","","","","","","","","","","","","","","","","","","","","","","","","","","","","","","","","","","","","","",
"High income: OECD","OEC","Poverty headcount ratio at $2 a day (PPP) (% of population)","SI.POV.2DAY","","","","","","","","","","","","","","","","","","","","","","","","","","","","","","","","","","","","","","","","","","","","","","","","","","","","","","","",
"OECD members","OED","Poverty headcount ratio at $2 a day (PPP) (% of population)","SI.POV.2DAY","","","","","","","","","","","","","","","","","","","","","","","","","","","","","","","","","","","","","","","","","","","","","","","","","","","","","","","",
"Oman","OMN","Poverty headcount ratio at $2 a day (PPP) (% of population)","SI.POV.2DAY","","","","","","","","","","","","","","","","","","","","","","","","","","","","","","","","","","","","","","","","","","","","","","","","","","","","","","","",
"Other small states","OSS","Poverty headcount ratio at $2 a day (PPP) (% of population)","SI.POV.2DAY","","","","","","","","","","","","","","","","","","","","","","","","","","","","","","","","","","","","","","","","","","","","","","","","","","","","","","","",
"Pakistan","PAK","Poverty headcount ratio at $2 a day (PPP) (% of population)","SI.POV.2DAY","","","","","","","","","","","","","","","","","","","","","","","","","","","","89.16","","","","88.18","","","","","","83.26","","66.54","","","73.91","","","60.31","60.98","","55.83","","","50.67","","","",
"Panama","PAN","Poverty headcount ratio at $2 a day (PPP) (% of population)","SI.POV.2DAY","","","","","","","","","","","","","","","","","","","","19.24","","","","","","","","","","31.48","","28.58","","","","22.61","","21.16","21","19.16","20.39","","20.3","19.21","18.15","16.93","17.73","14.89","10.77","8.12","9.33","8.39","8.87","","",
"Peru","PER","Poverty headcount ratio at $2 a day (PPP) (% of population)","SI.POV.2DAY","","","","","","","","","","","","","","","","","","","","","","","","","","","27.04","","","","","","","","23.53","","","10.37","26.34","27.94","24.07","25.92","22.64","20.86","17.51","18.9","16.13","15.3","12.13","9.66","8.04","8.71","7.99","","",
"Philippines","PHL","Poverty headcount ratio at $2 a day (PPP) (% of population)","SI.POV.2DAY","","","","","","","","","","","","","","","","","","","","","","","","","","65.88","","","60.16","","","57.91","","","55.21","","","46.31","","","47.29","","","44.84","","","45","","","41.14","","","41.72","","",
"Palau","PLW","Poverty headcount ratio at $2 a day (PPP) (% of population)","SI.POV.2DAY","","","","","","","","","","","","","","","","","","","","","","","","","","","","","","","","","","","","","","","","","","","","","","","","","","","","","","","",
"Papua New Guinea","PNG","Poverty headcount ratio at $2 a day (PPP) (% of population)","SI.POV.2DAY","","","","","","","","","","","","","","","","","","","","","","","","","","","","","","","","","","","","","57.38","","","","","","","","","","","","","","","","","","",
"Poland","POL","Poverty headcount ratio at $2 a day (PPP) (% of population)","SI.POV.2DAY","","","","","","","","","","","","","","","","","","","","","","","","","","0.28","","0.22","","0.15","","","0.16","","","","11.32","","0.34","0.38","0.5","0.6","0.62","","0.59","0.66","0.36","0.23","0.14","0.13","0.12","0.11","","","",
"Puerto Rico","PRI","Poverty headcount ratio at $2 a day (PPP) (% of population)","SI.POV.2DAY","","","","","","","","","","","","","","","","","","","","","","","","","","","","","","","","","","","","","","","","","","","","","","","","","","","","","","","",
"Korea, Dem. Rep.","PRK","Poverty headcount ratio at $2 a day (PPP) (% of population)","SI.POV.2DAY","","","","","","","","","","","","","","","","","","","","","","","","","","","","","","","","","","","","","","","","","","","","","","","","","","","","","","","",
"Portugal","PRT","Poverty headcount ratio at $2 a day (PPP) (% of population)","SI.POV.2DAY","","","","","","","","","","","","","","","","","","","","","","","","","","","","","","","","","","","","","","","","","","","","","","","","","","","","","","","",
"Paraguay","PRY","Poverty headcount ratio at $2 a day (PPP) (% of population)","SI.POV.2DAY","","","","","","","","","","","","","","","","","","","","","","","","","","","","","","","3.55","","","","","20.73","","","17.31","17.2","","15.76","23.71","17.29","14.79","13.71","18.27","14.69","12.18","12.12","11.41","10.99","7.69","","",
"Pacific island small states","PSS","Poverty headcount ratio at $2 a day (PPP) (% of population)","SI.POV.2DAY","","","","","","","","","","","","","","","","","","","","","","","","","","","","","","","","","","","","","","","","","","","","","","","","","","","","","","","",
"French Polynesia","PYF","Poverty headcount ratio at $2 a day (PPP) (% of population)","SI.POV.2DAY","","","","","","","","","","","","","","","","","","","","","","","","","","","","","","","","","","","","","","","","","","","","","","","","","","","","","","","",
"Qatar","QAT","Poverty headcount ratio at $2 a day (PPP) (% of population)","SI.POV.2DAY","","","","","","","","","","","","","","","","","","","","","","","","","","","","","","","","","","","","","","","","","","","","","","","","","","","","","","","",
"Romania","ROU","Poverty headcount ratio at $2 a day (PPP) (% of population)","SI.POV.2DAY","","","","","","","","","","","","","","","","","","","","","","","","","","","","","","0.59","","","1.2","","23.25","","","","10.23","14.5","","12.61","12.08","9.42","7.43","5.83","5.81","3.7","1.76","0","2.01","1.57","1.59","","",
"Russian Federation","RUS","Poverty headcount ratio at $2 a day (PPP) (% of population)","SI.POV.2DAY","","","","","","","","","","","","","","","","","","","","","","","","","","","","","3.94","","","","","8.26","","","9.01","","","9.82","","5.97","3.07","2.28","3.16","1.48","1.22","0.35","0.01","0.26","","","","","",
"Rwanda","RWA","Poverty headcount ratio at $2 a day (PPP) (% of population)","SI.POV.2DAY","","","","","","","","","","","","","","","","","","","","","","","","","","88.33","","","","","","","","","","","","","","","91.6","","","","","","87.36","","","","","82.28","","","",
"South Asia","SAS","Poverty headcount ratio at $2 a day (PPP) (% of population)","SI.POV.2DAY","","","","","","","","","","","","","","","","","","","","","","87.17","","","85.6","","","85.08","","","83.69","","","82.84","","","80.69","","","77.74","","","77.28","","","73.25","","","69.3","","64.73","60.15","","","",
"Saudi Arabia","SAU","Poverty headcount ratio at $2 a day (PPP) (% of population)","SI.POV.2DAY","","","","","","","","","","","","","","","","","","","","","","","","","","","","","","","","","","","","","","","","","","","","","","","","","","","","","","","",
"Sudan","SDN","Poverty headcount ratio at $2 a day (PPP) (% of population)","SI.POV.2DAY","","","","","","","","","","","","","","","","","","","","","","","","","","","","","","","","","","","","","","","","","","","","","","","","","","44.14","","","","","",
"Senegal","SEN","Poverty headcount ratio at $2 a day (PPP) (% of population)","SI.POV.2DAY","","","","","","","","","","","","","","","","","","","","","","","","","","","","","","","","81.46","","","78.97","","","","","","","71.24","","","","60.36","","","","","","60.31","","","",
"Singapore","SGP","Poverty headcount ratio at $2 a day (PPP) (% of population)","SI.POV.2DAY","","","","","","","","","","","","","","","","","","","","","","","","","","","","","","","","","","","","","","","","","","","","","","","","","","","","","","","",
"Solomon Islands","SLB","Poverty headcount ratio at $2 a day (PPP) (% of population)","SI.POV.2DAY","","","","","","","","","","","","","","","","","","","","","","","","","","","","","","","","","","","","","","","","","","","","","","","","","","","","","","","",
"Sierra Leone","SLE","Poverty headcount ratio at $2 a day (PPP) (% of population)","SI.POV.2DAY","","","","","","","","","","","","","","","","","","","","","","","","","","","","","","","75.05","","","","","","","","","","","","","81.99","","","","","","","","82.51","","","",
"El Salvador","SLV","Poverty headcount ratio at $2 a day (PPP) (% of population)","SI.POV.2DAY","","","","","","","","","","","","","","","","","","","","","","","","","","","","","","24.74","","29.24","","","","19.55","21.69","","26.56","22.6","22.32","23.02","23.47","22.07","16.07","15.76","12.39","9.42","13.21","12.39","13.13","10.26","8.75","","",
"San Marino","SMR","Poverty headcount ratio at $2 a day (PPP) (% of population)","SI.POV.2DAY","","","","","","","","","","","","","","","","","","","","","","","","","","","","","","","","","","","","","","","","","","","","","","","","","","","","","","","",
"Somalia","SOM","Poverty headcount ratio at $2 a day (PPP) (% of population)","SI.POV.2DAY","","","","","","","","","","","","","","","","","","","","","","","","","","","","","","","","","","","","","","","","","","","","","","","","","","","","","","","",
"Serbia","SRB","Poverty headcount ratio at $2 a day (PPP) (% of population)","SI.POV.2DAY","","","","","","","","","","","","","","","","","","","","","","","","","","","","","","","","","","","","","","","","","","","0.66","1.06","1.41","2.19","1.27","0.7","0.32","0.82","0.47","","","","",
"Sub-Saharan Africa (developing only)","SSA","Poverty headcount ratio at $2 a day (PPP) (% of population)","SI.POV.2DAY","","","","","","","","","","","","","","","","","","","","","","73.02","","","75.62","","","75.28","","","75.99","","","79","","","78.73","","","78.73","","","77.52","","","74.54","","","72","","70.59","69.48","","","",
"South Sudan","SSD","Poverty headcount ratio at $2 a day (PPP) (% of population)","SI.POV.2DAY","","","","","","","","","","","","","","","","","","","","","","","","","","","","","","","","","","","","","","","","","","","","","","","","","","","","","","","",
"Sub-Saharan Africa (all income levels)","SSF","Poverty headcount ratio at $2 a day (PPP) (% of population)","SI.POV.2DAY","","","","","","","","","","","","","","","","","","","","","","","","","","","","","","","","","","","","","","","","","","","","","","","","","","","","","","","",
"Small states","SST","Poverty headcount ratio at $2 a day (PPP) (% of population)","SI.POV.2DAY","","","","","","","","","","","","","","","","","","","","","","","","","","","","","","","","","","","","","","","","","","","","","","","","","","","","","","","",
"Sao Tome and Principe","STP","Poverty headcount ratio at $2 a day (PPP) (% of population)","SI.POV.2DAY","","","","","","","","","","","","","","","","","","","","","","","","","","","","","","","","","","","","","","","","","","54.2","","","","","","","","","73.08","","","","",
"Suriname","SUR","Poverty headcount ratio at $2 a day (PPP) (% of population)","SI.POV.2DAY","","","","","","","","","","","","","","","","","","","","","","","","","","","","","","","","","","","","","","","","27.2","","","","","","","","","","","","","","","",
"Slovak Republic","SVK","Poverty headcount ratio at $2 a day (PPP) (% of population)","SI.POV.2DAY","","","","","","","","","","","","","","","","","","","","","","","","","","","","","0","","","","0","","","","1.22","","","","","","","","0.39","0.15","0.04","","0","0","0.5","0.49","","","",
"Slovenia","SVN","Poverty headcount ratio at $2 a day (PPP) (% of population)","SI.POV.2DAY","","","","","","","","","","","","","","","","","","","","","","","","","","","","0.03","","","","","","0.06","","","","","0.04","","","","0.08","0.02","0.1","0.12","0.09","","0.01","","0.01","0","","","",
"Sweden","SWE","Poverty headcount ratio at $2 a day (PPP) (% of population)","SI.POV.2DAY","","","","","","","","","","","","","","","","","","","","","","0.41","","","","","","0.35","","","","","0.33","","","0.67","","","","","0.34","","","","","0.35","","","","","","","","","",
"Swaziland","SWZ","Poverty headcount ratio at $2 a day (PPP) (% of population)","SI.POV.2DAY","","","","","","","","","","","","","","","","","","","","","","","","","","","","","","","","","","","","89.31","","","","","","64.13","","","","","","","","","59.11","","","","",
"Sint Maarten (Dutch part)","SXM","Poverty headcount ratio at $2 a day (PPP) (% of population)","SI.POV.2DAY","","","","","","","","","","","","","","","","","","","","","","","","","","","","","","","","","","","","","","","","","","","","","","","","","","","","","","","",
"Seychelles","SYC","Poverty headcount ratio at $2 a day (PPP) (% of population)","SI.POV.2DAY","","","","","","","","","","","","","","","","","","","","","","","","","","","","","","","","","","","","","","","","","0","","","","","","","1.84","","","","","","","",
"Syrian Arab Republic","SYR","Poverty headcount ratio at $2 a day (PPP) (% of population)","SI.POV.2DAY","","","","","","","","","","","","","","","","","","","","","","","","","","","","","","","","","","","","","","","","","","","","","16.85","","","","","","","","","","",
"Turks and Caicos Islands","TCA","Poverty headcount ratio at $2 a day (PPP) (% of population)","SI.POV.2DAY","","","","","","","","","","","","","","","","","","","","","","","","","","","","","","","","","","","","","","","","","","","","","","","","","","","","","","","",
"Chad","TCD","Poverty headcount ratio at $2 a day (PPP) (% of population)","SI.POV.2DAY","","","","","","","","","","","","","","","","","","","","","","","","","","","","","","","","","","","","","","","","","","","","83.28","","","","","","","","60.54","","","",
"Togo","TGO","Poverty headcount ratio at $2 a day (PPP) (% of population)","SI.POV.2DAY","","","","","","","","","","","","","","","","","","","","","","","","","","","","","","","","","","","","","","","","","","","","","","","75.3","","","","","72.75","","","",
"Thailand","THA","Poverty headcount ratio at $2 a day (PPP) (% of population)","SI.POV.2DAY","","","","","","","","","","","","","","","","","","","","","","44.1","","","","","","","41.03","","37.06","","30.11","","20.49","","16.08","","15.33","19.4","18.03","","13.4","","","","7.61","","4.56","","3.5","","","","",
"Tajikistan","TJK","Poverty headcount ratio at $2 a day (PPP) (% of population)","SI.POV.2DAY","","","","","","","","","","","","","","","","","","","","","","","","","","","","","","","","","","","","","","","","82.24","","","","68.47","50.07","","","36.91","","27.36","","","","","",
"Turkmenistan","TKM","Poverty headcount ratio at $2 a day (PPP) (% of population)","SI.POV.2DAY","","","","","","","","","","","","","","","","","","","","","","","","","","","","","50.22","","","","","85.71","","","","","49.65","","","","","","","","","","","","","","","","",
"Timor-Leste","TLS","Poverty headcount ratio at $2 a day (PPP) (% of population)","SI.POV.2DAY","","","","","","","","","","","","","","","","","","","","","","","","","","","","","","","","","","","","","","","","","","","","","","","","71.06","","","","","","","",
"Tonga","TON","Poverty headcount ratio at $2 a day (PPP) (% of population)","SI.POV.2DAY","","","","","","","","","","","","","","","","","","","","","","","","","","","","","","","","","","","","","","","","","","","","","","","","","","","","","","","",
"Trinidad and Tobago","TTO","Poverty headcount ratio at $2 a day (PPP) (% of population)","SI.POV.2DAY","","","","","","","","","","","","","","","","","","","","","","","","","","","","","8.6","","","","13.53","","","","","","","","","","","","","","","","","","","","","","",
"Tunisia","TUN","Poverty headcount ratio at $2 a day (PPP) (% of population)","SI.POV.2DAY","","","","","","","","","","","","","","","","","","","","","","","","","","25.13","","","","","19.02","","","","","20.38","","","","","12.82","","","","","7.64","","","","","4.46","","","","",
"Turkey","TUR","Poverty headcount ratio at $2 a day (PPP) (% of population)","SI.POV.2DAY","","","","","","","","","","","","","","","","","","","","","","","","","","","","6.8","","","","","","","8.91","","","","","","","","7.38","10.45","7.42","7.54","5.56","4.85","3.63","3.56","3.05","2.56","","","",
"Tuvalu","TUV","Poverty headcount ratio at $2 a day (PPP) (% of population)","SI.POV.2DAY","","","","","","","","","","","","","","","","","","","","","","","","","","","","","","","","","","","","","","","","","","","","","","","","","","","","","","","",
"Tanzania","TZA","Poverty headcount ratio at $2 a day (PPP) (% of population)","SI.POV.2DAY","","","","","","","","","","","","","","","","","","","","","","","","","","","","","","","","","91.08","","","","","","","","95.13","","","","","","","87.87","","","","","73","","",
"Uganda","UGA","Poverty headcount ratio at $2 a day (PPP) (% of population)","SI.POV.2DAY","","","","","","","","","","","","","","","","","","","","","","","","","","","","","","87.14","","","89.51","","","","85.24","","","82.01","","","79.33","","","","75.74","","","64.65","","","","62.85","",
"Ukraine","UKR","Poverty headcount ratio at $2 a day (PPP) (% of population)","SI.POV.2DAY","","","","","","","","","","","","","","","","","","","","","","","","","","","","","14.82","","","","0","","","7.96","8.41","","","13.47","","","3.14","1.37","1.07","0.49","0.58","0.21","0.04","0.17","0.03","","","","",
"Upper middle income","UMC","Poverty headcount ratio at $2 a day (PPP) (% of population)","SI.POV.2DAY","","","","","","","","","","","","","","","","","","","","","","68.34","","","65.24","","","58.66","","","59.35","","","55.68","","","47.2","","","44.72","","","37.63","","","27.1","","","20.71","","17.13","14.29","","","",
"Uruguay","URY","Poverty headcount ratio at $2 a day (PPP) (% of population)","SI.POV.2DAY","","","","","","","","","","","","","","","","","","","","","","1.91","","","","","","","","1.96","","","2.97","","","1.83","2.26","1.91","2.09","","2.1","2.7","3.43","4.14","5.39","5.1","3.6","2.92","1.91","1.58","1.18","1.21","1.34","","",
"United States","USA","Poverty headcount ratio at $2 a day (PPP) (% of population)","SI.POV.2DAY","","","","","","","","","","","","","","","","","","","","","","","","","","","0.68","","","","","0.67","","","1","","","1","","","1","","","","1.33","","","1.67","","","1.67","","","","",
"Uzbekistan","UZB","Poverty headcount ratio at $2 a day (PPP) (% of population)","SI.POV.2DAY","","","","","","","","","","","","","","","","","","","","","","","","","","","","","","","","","","","","","","","","","","","","","","","","","","","","","","","",
"St. Vincent and the Grenadines","VCT","Poverty headcount ratio at $2 a day (PPP) (% of population)","SI.POV.2DAY","","","","","","","","","","","","","","","","","","","","","","","","","","","","","","","","","","","","","","","","","","","","","","","","","","","","","","","",
"Venezuela, RB","VEN","Poverty headcount ratio at $2 a day (PPP) (% of population)","SI.POV.2DAY","","","","","","","","","","","","","","","","","","","","","","12.09","","","","","","13.12","","14.06","","","9.71","","","20.63","","","20.35","23.18","","20.78","29.53","34.76","29.35","20.91","12.91","","","","","","","","",
"Virgin Islands (U.S.)","VIR","Poverty headcount ratio at $2 a day (PPP) (% of population)","SI.POV.2DAY","","","","","","","","","","","","","","","","","","","","","","","","","","","","","","","","","","","","","","","","","","","","","","","","","","","","","","","",
"Vietnam","VNM","Poverty headcount ratio at $2 a day (PPP) (% of population)","SI.POV.2DAY","","","","","","","","","","","","","","","","","","","","","","","","","","","","","","","","","","85.71","","","","","78.06","","","","68.73","","60.39","","48.08","","43.32","","16.84","","12.45","","",
"Vanuatu","VUT","Poverty headcount ratio at $2 a day (PPP) (% of population)","SI.POV.2DAY","","","","","","","","","","","","","","","","","","","","","","","","","","","","","","","","","","","","","","","","","","","","","","","","","","","","","","","",
"West Bank and Gaza","PSE","Poverty headcount ratio at $2 a day (PPP) (% of population)","SI.POV.2DAY","","","","","","","","","","","","","","","","","","","","","","","","","","","","","","","","","","","","","","","","","","","","","1.75","","","3.45","","0.61","","","","","",
"World","WLD","Poverty headcount ratio at $2 a day (PPP) (% of population)","SI.POV.2DAY","","","","","","","","","","","","","","","","","","","","","","","","","","","","","","","","","","","","","","","","","","","","","","","","","","","","","","","",
"Samoa","WSM","Poverty headcount ratio at $2 a day (PPP) (% of population)","SI.POV.2DAY","","","","","","","","","","","","","","","","","","","","","","","","","","","","","","","","","","","","","","","","","","","","","","","","","","","","","","","",
"Yemen, Rep.","YEM","Poverty headcount ratio at $2 a day (PPP) (% of population)","SI.POV.2DAY","","","","","","","","","","","","","","","","","","","","","","","","","","","","","","","","","","","","","","","32.1","","","","","","","37.28","","","","","","","","","",
"South Africa","ZAF","Poverty headcount ratio at $2 a day (PPP) (% of population)","SI.POV.2DAY","","","","","","","","","","","","","","","","","","","","","","","","","","","","","","","","","","41.11","","39.9","","","","","42.9","","","","","","35.15","","","31.23","","26.19","","","",
"Congo, Dem. Rep.","COD","Poverty headcount ratio at $2 a day (PPP) (% of population)","SI.POV.2DAY","","","","","","","","","","","","","","","","","","","","","","","","","","","","","","","","","","","","","","","","","","","","","","","95.15","","","","","","","","",
"Zambia","ZMB","Poverty headcount ratio at $2 a day (PPP) (% of population)","SI.POV.2DAY","","","","","","","","","","","","","","","","","","","","","","","","","","","","","","","","75.63","","80.83","","","80.79","","74.84","","","","","85.15","81.52","","82.55","","","","86.56","","","","",
"Zimbabwe","ZWE","Poverty headcount ratio at $2 a day (PPP) (% of population)","SI.POV.2DAY","","","","","","","","","","","","","","","","","","","","","","","","","","","","","","","","","","","","","","","","","","","","","","","","","","","","","","","",
